"chr","pos","strand","Name","AddressA","AddressB","ProbeSeqA","ProbeSeqB","Type","NextBase","Color","Probe_rs","Probe_maf","CpG_rs","CpG_maf","SBE_rs","SBE_maf","Islands_Name","Relation_to_Island","Forward_Sequence","SourceSeq","Random_Loci","Methyl27_Loci","UCSC_RefGene_Name","UCSC_RefGene_Accession","UCSC_RefGene_Group","Phantom","DMR","Enhancer","HMM_Island","Regulatory_Feature_Name","Regulatory_Feature_Group","DHS"
"chr6",2842255,"-","cg00031256","44681459","38740367","CCCAAAATCACCTAAATACAAACAAAAATAAACATAACTTCCAAACAACA","CCCGAAATCGCCTAAATACAAACAAAAATAAACGTAACTTCCGAACAACG","I","C","Grn",NA,NA,NA,NA,NA,NA,"chr6:2841810-2842273","Island","GGAGTCCGAGCTCCCGAGGTCGCCTAAGTGCAAGCAGAAGTGAGCGTGGCTTCCGGGCAG[CG]CCCTCCTCAGGGGCGCGGCTTCTTTCTCAGTTCAAAGCCTTTCCCCGAATCTCTGGCAAG","CCCGAGGTCGCCTAAGTGCAAGCAGAAGTGAGCGTGGCTTCCGGGCAGCG","","","SERPINB1","NM_030666","TSS200","high-CpG:2787068-2787272","","","","6:2841306-2842601","Promoter_Associated_Cell_type_specific","TRUE"
"chr6",2841875,"-","cg07635623","59618456","73745454","ATACCCAAACAAAAACAAAAAATCAAAAATCATCTATCTCCATCAAAACA","ATACCCAAACGAAAACGAAAAATCAAAAATCGTCTATCTCCGTCGAAACG","I","C","Grn",NA,NA,NA,NA,NA,NA,"chr6:2841810-2842273","Island","CTGGCCCGGCCTGTACCCAGGCGGGGGCGGGGGATCAGAGGTCGTCTGTCTCCGTCGGGG[CG]CCCGGAAGGGATGGGGGCGCGAAGCTGGCGGGGAGGGCGAGCGCAGGGAGCTGCGGGTCT","CGCCCCGACGGAGACAGACGACCTCTGATCCCCCGCCCCCGCCTGGGTAC","","","SERPINB1","NM_030666","5'UTR","","","","6:2786609-2787248","6:2841306-2842601","Promoter_Associated_Cell_type_specific","TRUE"
"chr6",2842248,"-","cg08542865","46718319","38771503","CCAAACTCCCAAAATCACCTAAATACAAACAAAAATAAACATAACTTCCA","CCGAACTCCCGAAATCGCCTAAATACAAACAAAAATAAACGTAACTTCCG","I","A","Red",NA,NA,NA,NA,NA,NA,"chr6:2841810-2842273","Island","CTGCGTAGGAGTCCGAGCTCCCGAGGTCGCCTAAGTGCAAGCAGAAGTGAGCGTGGCTTC[CG]GGCAGCGCCCTCCTCAGGGGCGCGGCTTCTTTCTCAGTTCAAAGCCTTTCCCCGAATCTC","CCGAGCTCCCGAGGTCGCCTAAGTGCAAGCAGAAGTGAGCGTGGCTTCCG","","","SERPINB1","NM_030666","TSS200","high-CpG:2787068-2787272","","","6:2786609-2787248","6:2841306-2842601","Promoter_Associated_Cell_type_specific","TRUE"
"chr6",2842215,"+","cg14652638","56662413","63665460","AAAAAAAACACTACCCAAAAACCACACTCACTTCTACTTACACTTAAACA","AAAAAAAACGCTACCCGAAAACCACGCTCACTTCTACTTACACTTAAACG","I","A","Red",NA,NA,NA,NA,NA,NA,"chr6:2841810-2842273","Island","AGCCGCGGGCGGGGCGGCGGCCCTTCCCGGTGACTGCGTAGGAGTCCGAGCTCCCGAGGT[CG]CCTAAGTGCAAGCAGAAGTGAGCGTGGCTTCCGGGCAGCGCCCTCCTCAGGGGCGCGGCT","CGCCTAAGTGCAAGCAGAAGTGAGCGTGGCTTCCGGGCAGCGCCCTCCTC","","","SERPINB1","NM_030666","TSS200","high-CpG:2787068-2787272","","","6:2786609-2787248","6:2841306-2842601","Promoter_Associated_Cell_type_specific","TRUE"
"chr6",2842139,"-","cg15152149","25631412","49778460","AATCAAAAAAAAAACACCAAAAACCACTACTCTTATAACAAACAAAAACA","AATCAAAAAAAAAACACCGAAAACCGCTACTCTTATAACAAACGAAAACG","I","T","Red",NA,NA,"rs386713",0.307759,NA,NA,"chr6:2841810-2842273","Island","AGCTGGGTGCGAGGTCAGGAAGGAGGCACCGAGGGCCGCTGCTCTTATAGCAGGCGGAAG[CG]TCACCCGGGCCAGCAGCCGCGGGCGGGGCGGCGGCCCTTCCCGGTGACTGCGTAGGAGTC","CGCTTCCGCCTGCTATAAGAGCAGCGGCCCTCGGTGCCTCCTTCCTGACC","","","SERPINB1","NM_030666","TSS200","high-CpG:2787068-2787272","","","6:2786609-2787248","6:2841306-2842601","Promoter_Associated_Cell_type_specific","TRUE"
"chr6",2842146,"-","cg19349369","66621357","43697442","AAAAAAACACCAAAAACCACTACTCTTATAACAAACAAAAACATCACCCA","AAAAAAACACCGAAAACCGCTACTCTTATAACAAACGAAAACGTCACCCG","I","A","Red","rs386713",0.307759,NA,NA,NA,NA,"chr6:2841810-2842273","Island","TGCGAGGTCAGGAAGGAGGCACCGAGGGCCGCTGCTCTTATAGCAGGCGGAAGCGTCACC[CG]GGCCAGCAGCCGCGGGCGGGGCGGCGGCCCTTCCCGGTGACTGCGTAGGAGTCCGAGCTC","AAGGAGGCACCGAGGGCCGCTGCTCTTATAGCAGGCGGAAGCGTCACCCG","","","SERPINB1","NM_030666","TSS200","high-CpG:2787068-2787272","","","6:2786609-2787248","6:2841306-2842601","Promoter_Associated_Cell_type_specific","TRUE"
"chr6",2842239,"-","cg27056119","37646328","47775361","CATAAAAATCCAAACTCCCAAAATCACCTAAATACAAACAAAAATAAACA","CGTAAAAATCCGAACTCCCGAAATCGCCTAAATACAAACAAAAATAAACG","I","T","Red",NA,NA,NA,NA,NA,NA,"chr6:2841810-2842273","Island","TCCCGGTGACTGCGTAGGAGTCCGAGCTCCCGAGGTCGCCTAAGTGCAAGCAGAAGTGAG[CG]TGGCTTCCGGGCAGCGCCCTCCTCAGGGGCGCGGCTTCTTTCTCAGTTCAAAGCCTTTCC","CGCTCACTTCTGCTTGCACTTAGGCGACCTCGGGAGCTCGGACTCCTACG","","TRUE","SERPINB1","NM_030666","TSS200","high-CpG:2787068-2787272","","","6:2786609-2787248","6:2841306-2842601","Promoter_Associated_Cell_type_specific","TRUE"
"chr6",2842941,"-","cg02821416","71765350","","ATTCAAAATACAATTCATCCTAAATAAAATTCCCCTCCAACTATAAACCC","","II","","",NA,NA,NA,NA,NA,NA,"chr6:2841810-2842273","S_Shore","AAAGGCATAAGATTCAAAGTACAATTCATCCTAAGTGAAATTCCCCTCCAGCTATGAGCC[CG]TGAAATCAAATAGGTTACAGGCCTTCAAAATACAGTGATGAGACAGGCATAGGACGTACA","CGGGCTCATAGCTGGAGGGGAATTTCACTTAGGATGAATTGTACTTTGAA","","","SERPINB1","NM_030666","TSS1500","","","","","","",""
"chr6",2841468,"-","cg06148264","57785483","","CRATATAAAATATACCAATTTAAAAACCCACCACAATCCAAAATCTAACC","","II","","",NA,NA,NA,NA,NA,NA,"chr6:2841810-2842273","N_Shore","AGTCTCAGAGCCGGTGTAGGATGTGCCAGTTTGGAAACCCACCACAGTCCAGGGTCTGGC[CG]TGCAGCGTCCCATCCGCCACCCACTAGCCCATCTCGATCTCCACTCTCAGAGCCCTGATT","CGGCCAGACCCTGGACTGTGGTGGGTTTCCAAACTGGCACATCCTACACC","","TRUE","SERPINB1","NM_030666","5'UTR","","","TRUE","","6:2841306-2842601","Promoter_Associated_Cell_type_specific","TRUE"
"chr6",2842359,"+","cg11393995","13758402","","ATAAAACTCAAAAAAAATCATTTACCCTCTAAAAAATATCACAATATATC","","II","","",NA,NA,NA,NA,NA,NA,"chr6:2841810-2842273","S_Shore","CCCCGAATCTCTGGCAAGGACCTGAAAAGCTTTTTCTTACTAAGGTGTGAATGACTGAGA[CG]ACATATTGTGACACCTCTTAGAGGGCAAATGACTCCCTTTGAGTCCCATCTATATTGGGA","TGGGACTCAAAGGGAGTCATTTGCCCTCTAAGAGGTGTCACAATATGTCG","","","SERPINB1","NM_030666","TSS1500","","","","","6:2841306-2842601","Promoter_Associated_Cell_type_specific","TRUE"
"chr6",2840792,"+","cg12586150","28786393","","ATTCTATATTACAATTTTCACCATAAAACAACTAAACTCAACAAACACCC","","II","","",NA,NA,NA,NA,NA,NA,"chr6:2841810-2842273","N_Shore","ATGAAGATGTTTCCAGCCGGATTGTTCTCACTCAACGCCAGGAACAGGTCCAAGGCGAAG[CG]GGTGTTTGCTGAGCTCAGCTGCTCCATGGTGAAAACTGCAACACAGAACAGGGTCCTCAT","CGGGTGTTTGCTGAGCTCAGCTGCTCCATGGTGAAAACTGCAACACAGAA","","","SERPINB1","NM_030666","Body","","","TRUE","","","",""
"chr6",2842005,"-","cg15199326","73645454","","AATAAAAAATACCRAACTAAAAACTAAACRAAAAAACCTAACCTCTCCCC","","II","","",NA,NA,NA,NA,NA,NA,"chr6:2841810-2842273","Island","TGAGCCTGGGGGGTGGGGGGTGCCGGGCTGGAAGCTGAGCGAGGGAGCCTGGCCTCTCCC[CG]CGCCCGCCCCCGCGCCACCGCTCCGAGGCCCGGCCTTACCCGACAGGCCGCCGAGGCACG","GTGGGGGGTGCCGGGCTGGAAGCTGAGCGAGGGAGCCTGGCCTCTCCCCG","","","SERPINB1","NM_030666","5'UTR","","","","6:2786609-2787248","6:2841306-2842601","Promoter_Associated_Cell_type_specific","TRUE"
"chr6",2842550,"-","cg22977317","25717357","","CCAATTCCAAACACCTACTCTCTATTTCCAAAATAACAACTTACTACTAC","","II","","",NA,NA,NA,NA,NA,NA,"chr6:2841810-2842273","S_Shore","ATGAAACAGAACCAGTTCCAAACACCTGCTCTCTGTTTCCAAGATGACAGCTTGCTGCTG[CG]TCCTCAATGGTGGAAAGTGGAAGGGCAAAAGGGGCCAAATCTCATGTGAAGTCTCTCGTA","CGCAGCAGCAAGCTGTCATCTTGGAAACAGAGAGCAGGTGTTTGGAACTG","","","SERPINB1","NM_030666","TSS1500","","","","","6:2841306-2842601","Promoter_Associated_Cell_type_specific",""
"chr6",2841626,"-","cg25003777","59679491","","AAACACAAAACTAATTTCTCCTTATTATAAAATCRTCTCTAAAATCRCAC","","II","","",NA,NA,NA,NA,NA,NA,"chr6:2841810-2842273","N_Shore","GCTCGGCATGTAAGCACAAAGCTGATTTCTCCTTGTTGTGAAATCGTCTCTAGAATCGCA[CG]GGGTTCCTCCTCTCTCTCCCTGCAGCTGCAGATAGGAGCCGCGGCCTGGCCCTGGGCTGC","AGCACAAAGCTGATTTCTCCTTGTTGTGAAATCGTCTCTAGAATCGCACG","","","SERPINB1","NM_030666","5'UTR","","","TRUE","6:2786609-2787248","6:2841306-2842601","Promoter_Associated_Cell_type_specific","TRUE"
